year,department,allocated_crore,utilized_crore,utilization_pct,previous_year_utilized,yoy_growth_pct,carry_forward_crore,stat_source
2019,ROADS,500.0,342.28,68.5,,0.0,157.72,BBMP_Annual_Budget_Report_2019_2024
2020,ROADS,543.53,377.12,69.4,342.28,8.7,166.41,BBMP_Annual_Budget_Report_2019_2024
2021,ROADS,656.29,466.02,71.0,377.12,20.7,190.27,BBMP_Annual_Budget_Report_2019_2024
2022,ROADS,702.11,414.27,59.0,466.02,7.0,287.84,BBMP_Annual_Budget_Report_2019_2024
2023,ROADS,879.65,610.86,69.4,414.27,25.3,268.79,BBMP_Annual_Budget_Report_2019_2024
2024,ROADS,959.65,680.02,70.9,610.86,9.1,279.63,BBMP_Annual_Budget_Report_2019_2024
2019,WATER,350.0,276.56,79.0,,0.0,73.44,BBMP_Annual_Budget_Report_2019_2024
2020,WATER,374.83,248.29,66.2,276.56,7.1,126.54,BBMP_Annual_Budget_Report_2019_2024
2021,WATER,478.69,311.84,65.1,248.29,27.7,166.85,BBMP_Annual_Budget_Report_2019_2024
2022,WATER,501.74,421.39,84.0,311.84,4.8,80.35,BBMP_Annual_Budget_Report_2019_2024
2023,WATER,640.54,491.99,76.8,421.39,27.7,148.55,BBMP_Annual_Budget_Report_2019_2024
2024,WATER,686.83,600.31,87.4,491.99,7.2,86.52,BBMP_Annual_Budget_Report_2019_2024
2019,ELEC,200.0,114.78,57.4,,0.0,85.22,BBMP_Annual_Budget_Report_2019_2024
2020,ELEC,213.28,135.92,63.7,114.78,6.6,77.36,BBMP_Annual_Budget_Report_2019_2024
2021,ELEC,228.1,185.56,81.3,135.92,6.9,42.54,BBMP_Annual_Budget_Report_2019_2024
2022,ELEC,240.32,156.53,65.1,185.56,5.4,83.79,BBMP_Annual_Budget_Report_2019_2024
2023,ELEC,257.28,227.91,88.6,156.53,7.1,29.37,BBMP_Annual_Budget_Report_2019_2024
2024,ELEC,278.24,177.58,63.8,227.91,8.1,100.66,BBMP_Annual_Budget_Report_2019_2024
2019,PARKS,100.0,53.05,53.1,,0.0,46.95,BBMP_Annual_Budget_Report_2019_2024
2020,PARKS,106.13,58.3,54.9,53.05,6.1,47.83,BBMP_Annual_Budget_Report_2019_2024
2021,PARKS,111.45,61.71,55.4,58.3,5.0,49.74,BBMP_Annual_Budget_Report_2019_2024
2022,PARKS,117.46,63.12,53.7,61.71,5.4,54.34,BBMP_Annual_Budget_Report_2019_2024
2023,PARKS,120.47,82.85,68.8,63.12,2.6,37.62,BBMP_Annual_Budget_Report_2019_2024
2024,PARKS,127.0,99.85,78.6,82.85,5.4,27.15,BBMP_Annual_Budget_Report_2019_2024
2019,BLDG,250.0,194.07,77.6,,0.0,55.93,BBMP_Annual_Budget_Report_2019_2024
2020,BLDG,267.72,140.63,52.5,194.07,7.1,127.09,BBMP_Annual_Budget_Report_2019_2024
2021,BLDG,287.68,175.42,61.0,140.63,7.5,112.26,BBMP_Annual_Budget_Report_2019_2024
2022,BLDG,302.04,234.85,77.8,175.42,5.0,67.19,BBMP_Annual_Budget_Report_2019_2024
2023,BLDG,317.58,208.3,65.6,234.85,5.1,109.28,BBMP_Annual_Budget_Report_2019_2024
2024,BLDG,337.59,252.71,74.9,208.3,6.3,84.88,BBMP_Annual_Budget_Report_2019_2024
2019,SWM,150.0,133.53,89.0,,0.0,16.47,BBMP_Annual_Budget_Report_2019_2024
2020,SWM,163.08,106.86,65.5,133.53,8.7,56.22,BBMP_Annual_Budget_Report_2019_2024
2021,SWM,177.28,132.56,74.8,106.86,8.7,44.72,BBMP_Annual_Budget_Report_2019_2024
2022,SWM,190.68,183.37,96.2,132.56,7.6,7.31,BBMP_Annual_Budget_Report_2019_2024
2023,SWM,211.27,169.51,80.2,183.37,10.8,41.76,BBMP_Annual_Budget_Report_2019_2024
2024,SWM,229.42,223.1,97.2,169.51,8.6,6.32,BBMP_Annual_Budget_Report_2019_2024
