ward_number,total_complaints,sla_breach_rate,avg_resolution_days,critical_complaints,avg_escalation,avg_rating,total_projects,avg_delay_prob,avg_budget_util,delayed_projects,n_complaints,n_sla_breach,n_resolution,n_critical,n_escalation,n_delay_prob,n_budget_util,risk_score,risk_category
Ward-1,287,0.8501742160278746,6.904306220095694,83,1.2682926829268293,2.5211267605633805,64,0.51296875,62.765625,15,0.5555555554938272,0.447174752390873,0.32847001270723936,0.7441860463385613,0.4267323071847338,0.19654207449909572,0.6621110010379728,0.4847,medium
Ward-10,260,0.8384615384615385,7.693,68,1.2769230769230768,2.6466165413533833,60,0.5166666666666667,64.9,15,0.2555555555271605,0.34122783951422225,0.7405175335361721,0.39534883711736074,0.4682972339788394,0.2347814533492128,0.7184065087821452,0.4087,medium
Ward-100,313,0.8594249201277955,7.228936170212766,75,1.2843450479233227,2.401315789473684,77,0.547012987012987,60.4974025974026,21,0.8444444443506174,0.5308519078296,0.49807064801184314,0.558139534753921,0.5040422627025948,0.5485863724513913,0.6022851823177728,0.6111,high
Ward-101,284,0.8309859154929577,7.255,76,1.2429577464788732,2.398496240601504,55,0.5285454545454545,40.81636363636364,12,0.5222222221641976,0.2736071634676717,0.5116875126566235,0.581395348702001,0.3047164665115887,0.3576175015683821,0.0831851735355654,0.4196,medium
Ward-102,276,0.8586956521739131,7.456585365853658,62,1.3297101449275361,2.5714285714285716,60,0.5171666666666667,56.065000000000005,7,0.4333333332851852,0.5242553215293182,0.6170043699107424,0.25581395342888047,0.7225255598507292,0.2399518482359885,0.4853777247494604,0.4646,medium
Ward-103,259,0.8687258687258688,7.787562189054726,62,1.3397683397683398,2.5508474576271185,56,0.5258928571428572,58.107142857142854,7,0.24444444441728397,0.6149835493956992,0.7899208844398453,0.25581395342888047,0.7709669325644926,0.330187549474251,0.5392405506488414,0.478,medium
Ward-104,289,0.8477508650519031,7.507423580786027,66,1.231833910034602,2.304054054054054,61,0.5368852459016393,50.536065573770486,12,0.5777777777135803,0.4252543543207749,0.6435644379117763,0.34883720922120065,0.2511428466192909,0.44385753073797984,0.33954853784049444,0.4648,medium
Ward-105,274,0.8540145985401459,7.691666666666667,69,1.3613138686131387,2.360294117647059,60,0.5316666666666666,53.52333333333333,16,0.41111111106543213,0.481912895666502,0.7398209429094464,0.41860465106544076,0.874732569401436,0.38989329995250027,0.4183396384167222,0.5203,high
Ward-106,288,0.8402777777777778,7.6287671232876715,76,1.3055555555555556,2.4558823529411766,48,0.5181250000000001,72.14999999999999,16,0.5666666666037038,0.35765661487416306,0.7069595186520727,0.581395348702001,0.6061944005288513,0.249861771768977,0.9096299025837254,0.5375,high
Ward-107,264,0.875,7.427884615384615,76,1.2916666666666667,2.357142857142857,65,0.5507692307692307,55.18,9,0.2999999999666667,0.6717361438142091,0.6020098645931856,0.581395348702001,0.5393039839187714,0.5874288994729271,0.46203528288540524,0.5226,high
Ward-108,275,0.8254545454545454,7.076119402985074,74,1.2145454545454546,2.347107438016529,62,0.508225806451613,56.25806451612903,11,0.4222222221753087,0.2235732087012122,0.4182326022687887,0.534883720805841,0.16787974332389,0.14749629235739828,0.49046992502488834,0.3493,medium
Ward-109,299,0.8561872909698997,7.511214953271028,67,1.3177257525083612,2.526315789473684,54,0.5087037037037037,51.588888888888896,12,0.6888888888123458,0.501565964254719,0.645545213813386,0.37209302316928067,0.6648074077256438,0.15243812737462653,0.3673174271357183,0.5253,high
Ward-11,261,0.8659003831417624,7.2025,62,1.3333333333333333,2.6341463414634148,55,0.5434545454545454,49.87818181818182,12,0.26666666663703703,0.5894256465747485,0.4842592567292802,0.25581395342888047,0.7399752337490111,0.5117892763740746,0.3221964323962746,0.4368,medium
Ward-110,280,0.85,7.214427860696517,72,1.2607142857142857,2.411764705882353,56,0.5298214285714286,58.06071428571429,12,0.4777777777246914,0.44559888297737565,0.49049088369784755,0.4883720929096809,0.3902339126163066,0.3708120807274929,0.5380159673387822,0.4584,medium
Ward-111,244,0.8442622950819673,7.692178770949721,57,1.2663934426229508,2.658333333333333,56,0.5253571428571429,44.6875,13,0.0777777777691358,0.39369852803121785,0.7400884881920576,0.13953488368848024,0.4175853569725598,0.3246478406669905,0.1852888746836005,0.3136,medium
Ward-112,275,0.8690909090909091,7.019444444444445,74,1.2945454545454544,2.303703703703704,66,0.5389393939393939,53.68181818181818,14,0.4222222221753087,0.6182855185255034,0.388623168601666,0.534883720805841,0.5531685429979508,0.4650990437601558,0.4225197778089156,0.4907,medium
Ward-113,276,0.8623188405797102,7.211855670103092,76,1.2934782608695652,2.3412698412698414,74,0.5322972972972974,63.99189189189189,21,0.4333333332851852,0.5570288375926274,0.48914706080469755,0.581395348702001,0.5480288208679118,0.3964145187286156,0.6944545757654326,0.5095,high
Ward-114,302,0.8377483443708609,6.616071428571429,70,1.1920529801324504,2.435064935064935,58,0.5437931034482758,46.141379310344824,10,0.7222222221419754,0.3347766491897882,0.17788377215310713,0.44186046501352083,0.05955351247031599,0.5152902334133963,0.2236358727390541,0.4091,medium
Ward-115,284,0.8626760563380281,7.374770642201835,85,1.2887323943661972,2.4551724137931035,69,0.5308695652173914,58.982608695652175,17,0.5222222221641976,0.5602600293171782,0.5742608426927029,0.7906976742347215,0.5251722057617122,0.38165064143735083,0.5623315228967171,0.5662,high
Ward-116,304,0.8486842105263158,7.626694915254237,77,1.2335526315789473,2.5414012738853504,57,0.5382456140350877,56.17719298245614,21,0.7444444443617284,0.4336969218807007,0.705876908132535,0.6046511626500811,0.2594203986292251,0.45792481162061005,0.4883368865240788,0.5656,high
Ward-117,237,0.8396624472573839,6.973291925465839,56,1.3037974683544304,2.6372549019607843,65,0.5410769230769231,52.95692307692308,6,0.0,0.3520906485385162,0.36451110951144183,0.11627906974040021,0.5977272591858034,0.4872027832061882,0.4034002051043372,0.2712,medium
Ward-118,282,0.851063829787234,7.785990338164251,80,1.2659574468085106,2.6159420289855073,45,0.5906666666666667,42.48222222222223,12,0.4999999999444445,0.4552217451406454,0.7890996819921584,0.6744186044943212,0.4154855531724525,0.9999998965921023,0.12712326076058342,0.5835,high
Ward-119,266,0.849624060150376,6.723404255319149,77,1.2744360902255638,2.7009345794392523,60,0.5286666666666666,61.348333333333336,12,0.32222222218641977,0.4421983226640401,0.23395905294247213,0.6046511626500811,0.4563196324852125,0.35887093063184256,0.6247290255198076,0.4075,medium
Ward-12,272,0.8308823529411765,6.440487804878049,76,1.213235294117647,2.5476190476190474,57,0.5414035087719298,53.46666666666667,11,0.388888888845679,0.27267038939626853,0.08615134229953866,0.581395348702001,0.1615698665912593,0.49057993722130155,0.4168450187870088,0.3379,medium
Ward-120,260,0.8730769230769231,7.098536585365854,64,1.3461538461538463,2.3507462686567164,72,0.5190277777777778,51.143055555555556,18,0.2555555555271605,0.6543409699036835,0.4299443016118355,0.30232558132504056,0.8017202336967783,0.2591972069812111,0.3555582874019428,0.4285,medium
Ward-121,289,0.8858131487889274,8.071491228070176,71,1.3391003460207613,2.4427480916030535,69,0.5163768115942029,53.504347826086956,15,0.5777777777135803,0.7695463777401752,0.9382576148649951,0.46511627896160085,0.7677498011995642,0.2317841229800666,0.41783888350241927,0.6297,high
Ward-122,274,0.8759124087591241,7.303448275862069,73,1.2846715328467153,2.3106060606060606,59,0.5476271186440679,57.41016949152542,13,0.41111111106543213,0.6799893285162837,0.5369989737915444,0.5116279068577609,0.505614650005665,0.5549369785416881,0.5208574317022655,0.5282,high
Ward-123,297,0.8518518518518519,7.4609756097560975,79,1.2558922558922558,2.5528455284552845,64,0.5259375,59.0796875,15,0.6666666665925927,0.46234979118751174,0.6192980219743532,0.6511627905462412,0.36701048658977653,0.3306491918748553,0.5648920385427295,0.5477,high
Ward-124,284,0.8274647887323944,7.030941704035875,72,1.2570422535211268,2.572519083969466,67,0.5343283582089552,62.55074626865671,16,0.5222222221641976,0.2417568450399488,0.3946298310499871,0.4883720929096809,0.37254900166547267,0.4174172926333493,0.6564434368637325,0.4232,medium
Ward-125,278,0.8561151079136691,6.972511848341233,74,1.2697841726618706,2.5238095238095237,57,0.5212280701754386,61.67368421052632,17,0.4555555555049383,0.5009130331101265,0.3641035637015988,0.534883720805841,0.43391548580648703,0.28194996810576783,0.6333103633009336,0.4522,medium
Ward-126,257,0.8715953307392996,7.3214999999999995,79,1.2412451361867705,2.376068376068376,64,0.51,64.8265625,19,0.22222222219753088,0.6409392405874031,0.5464299701645913,0.6511627905462412,0.29646834696466706,0.16584285485886188,0.7164695476811376,0.4454,medium
Ward-127,272,0.8676470588235294,7.14147465437788,75,1.275735294117647,2.3863636363636362,70,0.4998571428571429,58.379999999999995,12,0.388888888845679,0.6052251847445524,0.45237699391446007,0.558139534753921,0.46257674133661986,0.06095770144140037,0.5464373325633441,0.4495,medium
Ward-128,281,0.8683274021352313,7.20575221238938,77,1.3416370106761566,2.3783783783783785,67,0.5447761194029851,43.071641791044776,11,0.48888888883456794,0.6113792236620292,0.48595835222920414,0.6046511626500811,0.7799666572027248,0.5254553947450931,0.14266957942586786,0.5458,high
Ward-129,283,0.8515901060070671,7.407373271889401,79,1.3003533568904593,2.3714285714285714,56,0.5455357142857143,61.225,10,0.511111111054321,0.4599821716525096,0.5912938573779406,0.6511627905462412,0.5811400395370893,0.5333102057404626,0.6214760298551371,0.5487,high
Ward-13,284,0.8908450704225352,7.561471861471862,81,1.3873239436619718,2.4895104895104896,52,0.5373076923076924,38.17884615384615,8,0.5222222221641976,0.8150625767389629,0.67180158219909,0.6976744184424013,0.9999999518389001,0.44822596021356725,0.013618960539979857,0.6445,high
Ward-130,309,0.8220064724919094,7.080769230769231,63,1.249190938511327,2.5246913580246915,56,0.5237499999999999,53.77321428571429,12,0.7999999999111111,0.19238369770376976,0.42066187210653994,0.2790697673769605,0.33473620496561357,0.30802871424520895,0.42493040859060605,0.429,medium
Ward-131,269,0.828996282527881,6.275586854460094,68,1.2267657992565055,2.423357664233577,57,0.5403508771929825,53.156140350877195,14,0.3555555555160494,0.25560995751594723,0.0,0.39534883711736074,0.226734267640441,0.4796948953544048,0.40865468830839297,0.2904,medium
Ward-132,280,0.8428571428571429,7.2,74,1.1821428571428572,2.4388489208633093,54,0.5011111111111111,62.48518518518518,11,0.4777777777246914,0.380988237023995,0.4829531493041689,0.534883720805841,0.011825270079282114,0.07392472353839404,0.6547142212937003,0.3896,medium
Ward-133,280,0.8678571428571429,7.575348837209303,77,1.3,2.4692307692307693,53,0.5449056603773584,69.17169811320754,18,0.4777777777246914,0.6071254978608284,0.6790515106185959,0.6046511626500811,0.5794382338848193,0.526794950728149,0.8310752826446767,0.5856,high
Ward-134,299,0.8461538461538461,7.447619047619048,88,1.3277591973244147,2.574324324324324,52,0.5563461538461538,57.93076923076923,15,0.6888888888123458,0.4108085351563245,0.6123199799818873,0.8604651160789616,0.7131295815978087,0.6450986885946632,0.5345885832816336,0.6379,high
Ward-135,303,0.8712871287128713,7.265777777777777,74,1.2772277227722773,2.455223880597015,60,0.49566666666666664,49.791666666666664,14,0.7333333332518519,0.6381514021057685,0.5173182868893266,0.534883720805841,0.46976444189839084,0.017624868104608105,0.31991453986000057,0.5335,high
Ward-136,283,0.8621908127208481,6.884615384615385,75,1.303886925795053,2.372262773722628,71,0.5309859154929578,62.10704225352113,18,0.511111111054321,0.5558707628200721,0.3181826741362467,0.558139534753921,0.5981580960597953,0.3828537951770784,0.6447404592613031,0.5007,high
Ward-137,252,0.8571428571428571,7.6534391534391535,64,1.25,2.43859649122807,59,0.5435593220338983,47.56271186440678,12,0.16666666664814817,0.5102095289307563,0.7198492473614437,0.30232558132504056,0.3386327340885307,0.5128727489543551,0.26112442925055696,0.3952,medium
Ward-138,256,0.8046875,7.227722772277228,74,1.1796875,2.556390977443609,65,0.5083076923076923,59.96615384615385,14,0.21111111108765435,0.03572509771061564,0.49743671679055473,0.534883720805841,0.0,0.1483430567805425,0.5882731562258229,0.259,medium
Ward-139,247,0.854251012145749,7.385858585858586,64,1.3036437246963564,2.5217391304347827,55,0.5316363636363637,52.656363636363636,17,0.11111111109876544,0.48405137267432685,0.5800536609084239,0.30232558132504056,0.5969868128173427,0.38957994268663604,0.3954727573439397,0.3754,medium
Ward-14,313,0.865814696485623,7.9176229508196725,78,1.3194888178913737,2.4755244755244754,56,0.5069642857142858,62.57857142857143,14,0.8444444443506174,0.5886505687463633,0.8578702151025912,0.6279069765981612,0.6732985245402412,0.13445117161772052,0.6571773432791759,0.6653,high
Ward-140,254,0.9015748031496063,7.997058823529412,53,1.3346456692913387,2.3666666666666667,70,0.5111428571428571,49.941428571428574,21,0.18888888886790126,0.9121182714754094,0.8993709283691548,0.046511627896160083,0.7462955880743737,0.17766090031435022,0.32386460602424355,0.4801,medium
Ward-141,254,0.8149606299212598,6.679274611398963,63,1.263779527559055,2.574803149606299,53,0.5052830188679246,60.215094339622645,13,0.18888888886790126,0.1286505961352001,0.21090383070579793,0.2790697673769605,0.4049964545048305,0.11706554460625603,0.5948391211935116,0.2284,low
Ward-142,291,0.865979381443299,6.973423423423423,72,1.2920962199312716,2.5374149659863945,65,0.5326153846153846,58.74923076923076,12,0.5999999999333334,0.5901402249555582,0.3645798096949569,0.4883720929096809,0.5413727596902171,0.39970379281458895,0.5561760306031064,0.5179,high
Ward-143,284,0.852112676056338,6.987096774193549,77,1.2746478873239437,2.5357142857142856,54,0.542962962962963,53.00925925925926,10,0.5222222221641976,0.4647090740340094,0.3717233556817634,0.6046511626500811,0.45733967060782815,0.5067059251722614,0.4047806054360533,0.4866,medium
Ward-144,297,0.8484848484848485,8.047577092511013,80,1.2491582491582491,2.4785714285714286,58,0.515,57.86034482758621,18,0.6666666665925927,0.4318935944418104,0.9257638428574159,0.6744186044943212,0.3345787694454954,0.21754680372662477,0.532731094539136,0.5749,high
Ward-145,288,0.8784722222222222,6.791810344827587,63,1.3541666666666667,2.5579710144927534,44,0.5499999999999999,70.72727272727273,16,0.5666666666037038,0.7031440967082135,0.2696973335143992,0.2790697673769605,0.840310858664132,0.5794744458009639,0.872104559474074,0.5502,high
Ward-146,260,0.8115384615384615,6.292574257425742,61,1.2884615384615385,2.7107438016528924,60,0.5143333333333333,69.09833333333333,18,0.2555555555271605,0.09769540476686324,0.008874949258718037,0.23255813948080042,0.52386773393183,0.21065294387758934,0.829140239583566,0.2346,low
Ward-147,268,0.8507462686567164,6.57156862745098,62,1.3097014925373134,2.6774193548387095,68,0.5541176470588235,56.38088235294118,19,0.3444444444061729,0.45234924897250534,0.15463359656043435,0.25581395342888047,0.6261616890691734,0.6220541683979453,0.4937093241386245,0.3877,medium
Ward-148,273,0.8351648351648352,6.921962616822429,65,1.249084249084249,2.6846153846153844,60,0.5186666666666667,68.47166666666666,19,0.3999999999555556,0.3114075413818927,0.3376944730534414,0.3255813952731206,0.33422237694940454,0.25546303289631794,0.8126115048549697,0.3614,medium
Ward-149,299,0.8394648829431438,7.446491228070175,75,1.2240802675585285,2.4532374100719423,71,0.49704225352112674,60.5169014084507,17,0.6888888888123458,0.35030358242406145,0.6117307585870998,0.558139534753921,0.21380045158543834,0.03184952258184243,0.6027994759486299,0.4725,medium
Ward-15,268,0.8843283582089553,7.514778325123153,70,1.3171641791044777,2.288,59,0.5401694915254237,52.489830508474576,17,0.3444444444061729,0.7561157187533264,0.6474068723871836,0.44186046501352083,0.6621028084417544,0.47781922429824414,0.3910803394273413,0.5343,high
Ward-150,267,0.846441947565543,7.219704433497537,60,1.2621722846441947,2.4152542372881354,57,0.5347368421052632,51.26842105263158,10,0.33333333329629633,0.4134145537196988,0.4932475920636688,0.20930232553272038,0.39725579583669063,0.42164133873095183,0.3588648826869772,0.3712,medium
Ward-151,274,0.8467153284671532,7.588516746411483,71,1.2956204379562044,2.4347826086956523,65,0.5441538461538461,59.34461538461539,14,0.41111111106543213,0.4158874180499084,0.6859309922114611,0.46511627896160085,0.5583457813479181,0.5190205978940412,0.5718796811922231,0.4949,medium
Ward-152,284,0.8661971830985915,7.799543378995433,70,1.3204225352112675,2.3404255319148937,69,0.4973913043478261,56.515942028985506,13,0.5222222221641976,0.5921103477449012,0.7961803728971373,0.44186046501352083,0.6777954098579506,0.03545898380102501,0.4972716096033057,0.5309,high
Ward-153,289,0.8685121107266436,7.547196261682243,78,1.3044982698961938,2.578125,60,0.5301666666666667,56.025,13,0.5777777777135803,0.6130500034586294,0.6643433954458328,0.6279069765981612,0.60110239649625,0.374382115292172,0.484322699128486,0.5827,high
Ward-154,285,0.8807017543859649,7.602714932126697,72,1.287719298245614,2.325925925925926,61,0.5198360655737705,61.34590163934426,16,0.5333333332740741,0.723311308566469,0.6933487345257628,0.4883720929096809,0.5202930234085378,0.26755554115610014,0.6246648880332866,0.5653,high
Ward-155,287,0.8954703832752613,7.522943722943722,92,1.2961672473867596,2.4761904761904763,51,0.5366666666666667,62.70980392156862,11,0.5555555554938272,0.8569007999001176,0.6516728270761578,0.9534883718712818,0.5609792757122813,0.4415972488202643,0.660638684339585,0.6843,high
Ward-156,279,0.8351254480286738,6.853521126760564,67,1.2401433691756272,2.4634146341463414,54,0.5427777777777778,50.46666666666666,9,0.4666666666148149,0.31105126541854317,0.3019376977112401,0.37209302316928067,0.29116211584911866,0.5047909641030851,0.33771809721394075,0.3765,medium
Ward-157,265,0.8528301886792453,7.139320388349515,66,1.2528301886792452,2.414285714285714,64,0.56796875,51.196875,12,0.3111111110765432,0.4711993276004139,0.4512515127723345,0.34883720922120065,0.35226323407699955,0.7652855120444875,0.35697780972182996,0.4216,medium
Ward-158,283,0.8975265017667845,7.68348623853211,65,1.3356890459363957,2.4029850746268657,62,0.5382258064516129,59.12903225806452,14,0.511111111054321,0.8754994000452783,0.7355471357385917,0.3255813952731206,0.7513206047641484,0.4577199855639744,0.5661935381432007,0.6113,high
Ward-159,258,0.875968992248062,6.947417840375587,82,1.321705426356589,2.6810344827586206,55,0.5389090909090909,56.019999999999996,15,0.23333333330740744,0.6805011539241639,0.350993375649703,0.7209302323904814,0.6839739547266184,0.4647856864942904,0.4841908209258642,0.4943,medium
Ward-16,292,0.863013698630137,6.642342342342342,59,1.2945205479452055,2.4592592592592593,64,0.54796875,46.5171875,12,0.6111111110432099,0.563314169440385,0.19160882636936954,0.18604651158464033,0.5530485900715276,0.5584697165734359,0.23354805445550797,0.4449,medium
Ward-160,255,0.8627450980392157,7.24331550802139,63,1.2862745098039217,2.3577235772357725,56,0.5214285714285715,65.0375,13,0.1999999999777778,0.5608845453647814,0.505583031963856,0.2790697673769605,0.513334763352505,0.28402330941374865,0.7220331593542438,0.3957,medium
Ward-161,311,0.842443729903537,6.596521739130435,92,1.2668810289389068,2.5510204081632653,53,0.5181132075471698,56.075471698113205,12,0.8222222221308643,0.37724871410707916,0.16767017433810424,0.9534883718712818,0.41993362630271164,0.24973982849334508,0.48565392249457373,0.5404,high
Ward-162,274,0.8357664233576643,6.487980769230769,71,1.2335766423357664,2.5118110236220472,56,0.5251785714285714,63.06071428571429,7,0.41111111106543213,0.31684920162501856,0.11096370765219775,0.46511627896160085,0.25953603707515094,0.32280127106456996,0.669894169960562,0.3443,medium
Ward-163,277,0.8411552346570397,7.344343891402715,73,1.2021660649819494,2.6106870229007635,49,0.5395918367346939,50.65918367346939,9,0.44444444439506176,0.3655936426813118,0.5583646006364028,0.5116279068577609,0.10825924150363368,0.47184581754562177,0.34279585658019457,0.4199,medium
Ward-164,256,0.87109375,7.277272727272727,64,1.3046875,2.4107142857142856,53,0.5456603773584906,59.132075471698116,14,0.21111111108765435,0.6364021968084539,0.5233237424439813,0.30232558132504056,0.6020137494907212,0.5345993203685669,0.5662738048520393,0.4459,medium
Ward-165,255,0.803921568627451,6.886772486772486,56,1.192156862745098,2.4552845528455283,63,0.552063492063492,45.63333333333333,11,0.1999999999777778,0.02879687280752666,0.3193096369938922,0.11627906974040021,0.06005382255949098,0.6008125834289298,0.2102358346795538,0.1977,low
Ward-166,277,0.8664259927797834,7.448571428571428,73,1.2779783393501805,2.4065040650406506,58,0.5139655172413793,63.94137931034483,14,0.44444444439506176,0.5941800435272084,0.612817544715263,0.5116279068577609,0.4733794939023381,0.20684943499536312,0.6931222740725901,0.5013,high
Ward-167,288,0.8888888888888888,7.787330316742081,62,1.3854166666666667,2.3909774436090228,56,0.5244642857142857,48.308928571428574,13,0.5666666666037038,0.7973679553902271,0.7897997443801561,0.25581395342888047,0.9908142960368123,0.31541499265489004,0.28080637286823246,0.6026,high
Ward-168,286,0.8566433566433567,7.4833333333333325,69,1.2237762237762237,2.328,61,0.5249180327868853,53.00983606557377,11,0.5444444443839507,0.5056913019410101,0.6309786574834807,0.41860465106544076,0.21233614328628134,0.3201070957430074,0.4047958190720571,0.4682,medium
Ward-169,256,0.84375,7.005741626794259,84,1.265625,2.3333333333333335,73,0.5313698630136986,64.96849315068494,20,0.21111111108765435,0.38906456776816756,0.3814642278505228,0.7674418602866414,0.4138844527748708,0.38682411577313547,0.7202130595029914,0.419,medium
Ward-17,271,0.8339483394833949,6.592964824120603,68,1.2287822878228782,2.512396694214876,61,0.5232786885245901,53.716393442622945,17,0.3777777777358025,0.3004037413330625,0.16581188909617126,0.39534883711736074,0.23644589838161864,0.30315498136013336,0.4234317224589379,0.3138,medium
Ward-170,288,0.8784722222222222,7.561643835616438,68,1.3298611111111112,2.5,59,0.5471186440677966,58.40677966101695,15,0.5666666666037038,0.7031440967082135,0.6718914288819535,0.39534883711736074,0.7232526295964916,0.549678949843271,0.5471436632756914,0.597,high
Ward-171,283,0.8515901060070671,7.256038647342995,74,1.254416961130742,2.3,59,0.5367796610169492,56.581355932203394,13,0.511111111054321,0.4599821716525096,0.5122301466593271,0.534883720805841,0.3599053047419132,0.44276569964213425,0.4989969431998757,0.4821,medium
Ward-172,312,0.8685897435897436,7.224050632911392,77,1.3076923076923077,2.450980392156863,57,0.5487719298245615,68.86666666666667,18,0.8333333332407408,0.6137522307791239,0.49551823339384954,0.6046511626500811,0.616485233853479,0.5667752302895848,0.8230298828620906,0.6556,high
Ward-173,275,0.84,6.859192825112107,71,1.298181818181818,2.4829931972789114,52,0.5359615384615385,48.75769230769231,8,0.4222222221753087,0.3551439786426423,0.30490083664321765,0.46511627896160085,0.5706816702558628,0.4343056662876307,0.2926428038562916,0.4072,medium
Ward-174,306,0.8660130718954249,7.753246753246753,80,1.2810457516339868,2.2972972972972974,66,0.5253030303030304,52.14848484848485,10,0.7666666665814815,0.5904449716179622,0.771993026237952,0.6744186044943212,0.48815248886400336,0.32408827412080343,0.38207712900490315,0.627,high
Ward-175,268,0.8432835820895522,6.392380952380953,69,1.3097014925373134,2.453125,57,0.5578947368421052,62.92982456140351,13,0.3444444444061729,0.38484558902121163,0.061018255401456924,0.41860465106544076,0.6261616890691734,0.6611122598026948,0.6664418696438087,0.3971,medium
Ward-176,282,0.8404255319148937,7.366216216216216,80,1.322695035460993,2.3472222222222223,64,0.5343749999999999,50.2875,11,0.4999999999444445,0.35899312350795076,0.5697916429737495,0.6744186044943212,0.6887400210263973,0.41789960558920497,0.33299246161999385,0.5107,high
Ward-177,260,0.8576923076923076,7.085567010309278,60,1.2884615384615385,2.327731092436975,66,0.538030303030303,47.25606060606061,8,0.2555555555271605,0.5151795786194779,0.4231684382990613,0.20930232553272038,0.52386773393183,0.4556983257841983,0.25303630589407694,0.3724,medium
Ward-178,296,0.8547297297297297,7.182608695652174,75,1.2668918918918919,2.6164383561643834,63,0.5330158730158729,51.668253968253964,17,0.655555555482716,0.48838160800056035,0.4738671846077406,0.558139534753921,0.4199859434791686,0.40384515917078523,0.36941073193923835,0.5172,high
Ward-179,308,0.8603896103896104,7.347033898305085,83,1.2922077922077921,2.4930555555555554,46,0.4954347826086956,64.62608695652175,4,0.7888888888012346,0.5395780043641115,0.5597699758319178,0.7441860463385613,0.5419101040464361,0.015227003809291382,0.7111818768124304,0.592,high
Ward-18,305,0.8590163934426229,7.547210300429184,87,1.318032786885246,2.3597122302158273,63,0.5398412698412698,55.57460317460317,23,0.755555555471605,0.5271565836070532,0.6643507298904808,0.8372093021308815,0.6662861190572512,0.47442515286328707,0.4724431943685081,0.6572,high
Ward-180,271,0.8523985239852399,6.982296650717704,61,1.2767527675276753,2.4122137404580153,49,0.5469387755102041,52.26326530612245,8,0.3777777777358025,0.46729470874031925,0.369215564916462,0.23255813948080042,0.467477005197246,0.5478189669023342,0.3851045370947736,0.399,medium
Ward-181,270,0.8481481481481481,7.313679245283019,70,1.2740740740740741,2.372093023255814,61,0.5278688524590165,48.950819672131146,10,0.36666666662592595,0.42884797476723957,0.5423440718422616,0.44186046501352083,0.4545761228793365,0.3506209016321792,0.29773666179614666,0.4205,medium
Ward-182,268,0.8731343283582089,6.8741463414634145,68,1.335820895522388,2.4390243902439024,48,0.529375,52.68958333333333,13,0.3444444444061729,0.6548602288263854,0.3127131961384058,0.39534883711736074,0.7519556068732047,0.3661956567214432,0.3963489481295404,0.4549,medium
Ward-183,259,0.8262548262548263,6.717708333333333,59,1.2316602316602316,2.4695652173913043,56,0.5380357142857143,51.50178571428571,15,0.24444444441728397,0.2308121410242448,0.23098325854305995,0.18604651158464033,0.25030639246440933,0.4557542824388177,0.36502002511385445,0.2587,medium
Ward-184,256,0.8828125,7.033673469387755,58,1.3046875,2.3658536585365852,62,0.516774193548387,55.42258064516129,11,0.21111111108765435,0.7424040378257194,0.39605702265388804,0.1627906976365603,0.6020137494907212,0.2358933662280884,0.4684335027803458,0.3923,medium
Ward-185,274,0.8102189781021898,6.502475247524752,58,1.2773722627737227,2.5867768595041323,47,0.518936170212766,53.62978723404255,12,0.41111111106543213,0.0857600299669406,0.11853624594135373,0.1627906976365603,0.47046056244416357,0.258249912409757,0.4211474282342441,0.2561,medium
Ward-186,294,0.8197278911564626,6.930666666666667,73,1.183673469387755,2.5611510791366907,73,0.5221917808219178,56.09315068493151,18,0.633333333262963,0.17177281203209502,0.3422418427054816,0.5116279068577609,0.01919686701182138,0.2919154973035432,0.48612021709572817,0.3762,medium
Ward-187,253,0.8379446640316206,6.8815,68,1.2648221343873518,2.48,70,0.5361428571428571,53.824285714285715,14,0.1777777777580247,0.3365524568030931,0.31655506334495354,0.39534883711736074,0.4100177636724108,0.43618064465316464,0.4262774502316713,0.3245,medium
Ward-188,269,0.8513011152416357,6.735545023696683,61,1.2565055762081785,2.312977099236641,56,0.5133928571428571,59.96785714285714,15,0.3555555555160494,0.4573681084484375,0.24030191203225476,0.23255813948080042,0.36996430469399594,0.20092767730484323,0.5883180817673752,0.3378,medium
Ward-189,316,0.8417721518987342,6.6253112033195025,72,1.2246835443037976,2.384105960264901,54,0.5261111111111111,60.02407407407408,17,0.877777777680247,0.37117396168930455,0.18271102751503415,0.4883720929096809,0.2167058987486382,0.33244446787720844,0.5898008393365356,0.4787,medium
Ward-19,272,0.8529411764705882,7.231979695431472,69,1.3272058823529411,2.568,67,0.521044776119403,63.343283582089555,24,0.388888888845679,0.4722032666052383,0.49966071636650994,0.41860465106544076,0.7104647558327993,0.2800545628055623,0.6773471161449761,0.4623,medium
Ward-190,277,0.8231046931407943,6.69126213592233,63,1.2310469314079422,2.643410852713178,58,0.5393103448275862,58.710344827586205,10,0.44444444439506176,0.20231764207710076,0.21716662862126884,0.2790697673769605,0.2473526709888543,0.4689349689112648,0.5551503889848384,0.3254,medium
Ward-191,286,0.8881118881118881,7.909722222222222,66,1.3496503496503496,2.4926470588235294,70,0.5102857142857142,67.78,16,0.5444444443839507,0.7903396022950658,0.8537425349886228,0.34883720922120065,0.8185597791370772,0.1687973662227334,0.7943683534922902,0.613,high
Ward-192,294,0.8469387755102041,7.635813953488372,63,1.2346938775510203,2.5211267605633805,55,0.5285454545454545,57.99272727272727,9,0.633333333262963,0.4179086061402131,0.7106410855515272,0.2790697673769605,0.26491676476313586,0.3576175015683821,0.5362227663239119,0.4794,medium
Ward-193,276,0.8731884057971014,7.5318840579710145,75,1.3333333333333333,2.356060606060606,74,0.5133783783783784,48.193243243243245,10,0.4333333332851852,0.6553493857825544,0.6563436422610104,0.558139534753921,0.7399752337490111,0.20077795544518837,0.2777550982380741,0.5295,high
Ward-194,285,0.8456140350877193,7.284862385321101,66,1.2912280701754386,2.3115942028985508,70,0.5262857142857144,63.60285714285714,12,0.5333333332740741,0.40592567932179074,0.5272889059363967,0.34883720922120065,0.5371916549731897,0.33425000259957577,0.684193535073409,0.4673,medium
Ward-195,271,0.8007380073800738,6.3344660194174764,55,1.2988929889298892,2.6640625,64,0.51078125,59.521875,19,0.3777777777358025,0.0,0.030761005814082514,0.09302325579232017,0.5741067468044583,0.17392159686944939,0.5765550170870933,0.2166,low
Ward-196,277,0.8447653429602888,7.674311926605505,80,1.3104693140794224,2.5074626865671643,64,0.5446875,54.8375,13,0.44444444439506176,0.3982488428021546,0.7307540809675401,0.6744186044943212,0.6298596020732116,0.5245390001289664,0.45300162600581334,0.5396,high
Ward-197,280,0.8892857142857142,7.251111111111111,73,1.2821428571428573,2.5625,64,0.5396875,53.0890625,12,0.4777777777246914,0.8009574357209704,0.509655789995339,0.5116279068577609,0.4934362696718595,0.4728350512612035,0.4068854670265097,0.5498,high
Ward-2,306,0.8431372549019608,6.7975,94,1.2450980392156863,2.6588235294117646,59,0.5322033898305084,69.62542372881356,13,0.7666666665814815,0.3835219878456962,0.2726698538612047,0.9999999997674418,0.3150243517555613,0.39544344135638426,0.8430425863785932,0.5725,high
Ward-20,327,0.8776758409785933,7.004471544715447,89,1.363914373088685,2.403973509933775,62,0.5391935483870968,60.64032258064516,20,0.999999999888889,0.6959404377875708,0.38080068239706777,0.8837209300270417,0.8872568850005635,0.4677272014738641,0.6060547884195256,0.7447,high
Ward-21,277,0.8447653429602888,6.635514018691588,78,1.288808664259928,2.473684210526316,64,0.53609375,63.228125,15,0.44444444439506176,0.3982488428021546,0.18804141668084373,0.6279069765981612,0.5255395299592966,0.43567283801249945,0.6743097347804874,0.443,medium
Ward-22,315,0.8507936507936508,7.219166666666666,84,1.2666666666666666,2.5095541401273884,72,0.5458333333333333,64.45416666666667,20,0.8666666665703704,0.4527778436388624,0.4929666395633574,0.7674418602866414,0.4189012340206265,0.536387821744495,0.7066473690483697,0.6271,high
Ward-23,249,0.8393574297188755,6.966298342541437,65,1.2690763052208835,2.2752293577981653,58,0.5277586206896552,59.47241379310345,10,0.13333333331851852,0.34933161531189666,0.360857361277164,0.3255813952731206,0.4305063183481589,0.3494810180788471,0.575250446074089,0.3129,medium
Ward-24,251,0.8326693227091634,6.953571428571429,53,1.2151394422310757,2.5089285714285716,67,0.5325373134328358,50.61044776119403,18,0.1555555555382716,0.28883440733749977,0.35420827454317055,0.046511627896160083,0.17074045335406673,0.39889647512847953,0.3415104156773931,0.2308,low
Ward-25,278,0.8165467625899281,6.768717948717949,61,1.183453237410072,2.4330708661417324,79,0.5355696202531646,59.099999999999994,24,0.4555555555049383,0.1429979440158583,0.25763287350543296,0.23255813948080042,0.018136205582678953,0.4302529224864086,0.5654277937408805,0.2891,medium
Ward-26,291,0.8797250859106529,7.065929203539824,73,1.302405498281787,2.5185185185185186,54,0.5244444444444445,59.48518518518518,15,0.5999999999333334,0.7144768632163595,0.41290880420526505,0.5116279068577609,0.5910233782049157,0.3152098182546216,0.5755872997206324,0.551,high
Ward-27,269,0.8178438661710037,6.967727272727273,88,1.278810408921933,2.345864661654135,65,0.5432307692307693,56.64,17,0.3555555555160494,0.15473088204970162,0.36160389580743846,0.8604651160789616,0.4773868324841611,0.5094752534876863,0.500543718050965,0.4269,medium
Ward-28,292,0.8767123287671232,6.842173913043479,79,1.3287671232876712,2.3836477987421385,67,0.5319402985074627,68.18507462686567,15,0.6111111110432099,0.6872249972961835,0.2960094256751552,0.6511627905462412,0.7179838639046014,0.3927228692935229,0.8050524562360367,0.5836,high
Ward-29,278,0.8597122302158273,7.263181818181819,71,1.3057553956834533,2.411764705882353,59,0.5247457627118645,63.48135593220339,11,0.4555555555049383,0.5334507684823325,0.5159620460478981,0.46511627896160085,0.6071568525664067,0.31832568711294257,0.6809888628179317,0.4943,medium
Ward-3,292,0.839041095890411,7.156944444444445,78,1.3424657534246576,2.3740458015267176,61,0.5232786885245901,52.24098360655737,12,0.6111111110432099,0.34647022069273686,0.46045907698280303,0.6279069765981612,0.7839579734378315,0.30315498136013336,0.3845168429967734,0.5133,high
Ward-30,279,0.8853046594982079,6.718779342723004,78,1.2831541218637992,2.395348837209302,56,0.5258928571428572,58.487500000000004,15,0.4666666666148149,0.7649468427254488,0.2315427998695453,0.6279069765981612,0.498306631802915,0.330187549474251,0.5492727139197127,0.5089,high
Ward-31,249,0.8955823293172691,6.73019801980198,72,1.2610441767068272,2.4692307692307693,64,0.5203125,57.4328125,11,0.13333333331851852,0.8579134067521644,0.237508407436666,0.4883720929096809,0.3918227039230518,0.2724822493986222,0.5214546555541808,0.4063,medium
Ward-32,282,0.8333333333333334,6.8269911504424785,70,1.2553191489361701,2.4814814814814814,66,0.5293939393939393,57.298484848484854,18,0.4999999999444445,0.29484070908615406,0.28807729808840604,0.44186046501352083,0.36425034044983756,0.36639150501260764,0.5179116777053364,0.3924,medium
Ward-33,260,0.8576923076923076,6.896059113300493,63,1.2884615384615385,2.524193548387097,59,0.5235593220338983,49.452542372881354,12,0.2555555555271605,0.5151795786194779,0.32416136973887927,0.2790697673769605,0.52386773393183,0.3060569534833036,0.3109699193940431,0.356,medium
Ward-34,272,0.8529411764705882,7.948543689320389,78,1.2720588235294117,2.6134453781512605,66,0.5692424242424242,53.31060606060606,15,0.388888888845679,0.4722032666052383,0.8740245375608791,0.6279069765981612,0.44487045458689284,0.7784563096253848,0.4127288203415411,0.5599,high
Ward-35,267,0.8801498127340824,7.6476851851851855,73,1.3108614232209739,2.515151515151515,94,0.5180851063829788,52.274468085106385,22,0.33333333329629633,0.7183187256345309,0.7168431270972981,0.5116279068577609,0.6317480428293317,0.24944924026205334,0.3854000175661277,0.5187,high
Ward-36,280,0.8535714285714285,7.475586854460094,70,1.2464285714285714,2.5474452554744524,59,0.5411864406779661,75.57627118644068,18,0.4777777777246914,0.477904205954066,0.6269315640535578,0.44186046501352083,0.32143234124593867,0.48833528169507706,0.9999999997362435,0.5063,high
Ward-37,277,0.8339350180505415,6.770048309178744,64,1.2310469314079422,2.5196850393700787,76,0.5318421052631579,62.146052631578954,21,0.44444444439506176,0.3002832424396272,0.25832791097580055,0.30232558132504056,0.2473526709888543,0.39170747359698366,0.6457693829696755,0.3515,medium
Ward-38,302,0.8410596026490066,6.880349344978166,84,1.304635761589404,2.5,59,0.5361016949152542,50.5135593220339,15,0.7222222221419754,0.36472860426751463,0.31595391171784976,0.7674418602866414,0.6017645716142763,0.43575499471091117,0.3389549210351395,0.5367,high
Ward-39,267,0.898876404494382,6.95072463768116,76,1.2958801498127341,2.4328358208955225,68,0.5369117647058823,42.7235294117647,12,0.33333333329629633,0.8877099322538811,0.3527209886553621,0.581395348702001,0.5595965822162113,0.4441317561177025,0.13348789244789835,0.508,high
Ward-4,275,0.8327272727272728,7.112857142857143,66,1.2181818181818183,2.446969696969697,64,0.5484375,52.3296875,13,0.4222222221753087,0.28935859367192773,0.4374259762002795,0.34883720922120065,0.18539287058180198,0.5633169617797888,0.38685646500332693,0.3756,medium
Ward-40,259,0.8416988416988417,6.474619289340102,70,1.3204633204633205,2.504201680672269,60,0.5186666666666667,61.938333333333325,18,0.24444444441728397,0.3705108349775006,0.10398309641392586,0.44186046501352083,0.6779918361180493,0.25546303289631794,0.6402906534291773,0.3424,medium
Ward-41,285,0.8666666666666667,7.585,77,1.3192982456140352,2.394160583941606,60,0.5345,67.425,15,0.5333333332740741,0.5963570568685983,0.684093692771352,0.6046511626500811,0.6723807074904047,0.41919220431089943,0.7850050011061438,0.5943,high
Ward-42,250,0.86,7.501554404145078,70,1.332,2.546218487394958,60,0.514,55.4,12,0.14444444442839507,0.5360537873121091,0.6404981278357625,0.44186046501352083,0.7335537537544441,0.2072060139530722,0.46783792380076356,0.4231,medium
Ward-43,300,0.83,7.385294117647059,81,1.2433333333333334,2.496598639455782,62,0.5137096774193549,57.22096774193549,12,0.6999999999222223,0.2646890743079089,0.5797587584594979,0.6976744184424013,0.30652533411569255,0.20420384918010598,0.5158671143685022,0.4964,medium
Ward-44,274,0.8284671532846716,7.2838095238095235,75,1.2737226277372262,2.4206349206349205,62,0.5159677419354839,48.51451612903226,13,0.41111111106543213,0.250823724008425,0.5267388458412425,0.558139534753921,0.4528835186634118,0.22755401963651445,0.28622887638386757,0.398,medium
Ward-45,256,0.875,6.792929292929293,58,1.33984375,2.3983739837398375,66,0.5251515151515153,44.88787878787878,9,0.21111111108765435,0.6717361438142091,0.2702819200839805,0.1627906976365603,0.7713301165349865,0.32252148779147755,0.19057399356139745,0.371,medium
Ward-46,267,0.8277153558052435,6.657435897435898,67,1.2696629213483146,2.584070796460177,53,0.5518867924528302,53.056603773584904,15,0.33333333329629633,0.2440233471003487,0.1994943481209789,0.37209302316928067,0.4333315261432508,0.5989853699020076,0.40602934732670676,0.3414,medium
Ward-47,289,0.8373702422145328,7.618571428571429,64,1.2629757785467128,2.533333333333333,62,0.5264516129032258,51.32258064516129,15,0.5777777777135803,0.3313565297518472,0.7016328496228508,0.30232558132504056,0.4011255108522735,0.33596552532698504,0.3602933766304864,0.453,medium
Ward-48,302,0.8443708609271523,7.453246753246753,84,1.2549668874172186,2.625,64,0.54703125,48.3328125,11,0.7222222221419754,0.39468055934524104,0.6152601352245625,0.7674418602866414,0.3625538102272352,0.54877522616073,0.2814363267825419,0.5721,high
Ward-49,295,0.8711864406779661,6.851515151515152,82,1.3254237288135593,2.4305555555555554,67,0.5265671641791045,51.38059701492537,17,0.6444444443728395,0.6372406294492687,0.3008896900461911,0.7209302323904814,0.7018817083575081,0.33716041677891245,0.3618235955439119,0.5638,high
Ward-5,279,0.8709677419354839,7.636199095022624,89,1.3154121863799284,2.514925373134328,51,0.5286274509803922,51.65686274509804,14,0.4666666666148149,0.6352623920663327,0.7108423000385691,0.8837209300270417,0.6536650187682633,0.3584654094642533,0.36911028113214495,0.6026,high
Ward-50,248,0.9112903225806451,6.812886597938145,60,1.2983870967741935,2.3361344537815127,58,0.5372413793103449,45.54482758620689,13,0.12222222220864198,0.9999999095450958,0.28070847378689157,0.20930232553272038,0.5716703145365516,0.4475402314487426,0.20790143890900728,0.4164,medium
Ward-51,290,0.8620689655172413,6.55091743119266,89,1.2793103448275862,2.4122137404580153,64,0.52265625,56.6203125,9,0.5888888888234568,0.5547685951055017,0.14384452425226318,0.8837209300270417,0.4797945787966998,0.29671847543038693,0.5000244476281416,0.515,high
Ward-52,259,0.8108108108108109,6.306598984771574,56,1.2162162162162162,2.5801526717557253,53,0.4939622641509434,53.25471698113208,15,0.24444444441728397,0.09111344707098905,0.016202069467340464,0.11627906974040021,0.17592631530725472,0.0,0.41125471007209813,0.1374,low
Ward-53,322,0.8540372670807453,7.700398406374502,79,1.2391304347826086,2.6447368421052633,63,0.5444444444444444,54.196825396825396,15,0.9444444443395063,0.48211794373363465,0.7443827789360642,0.6511627905462412,0.2862837123936851,0.522025613725672,0.4361034229793956,0.6445,high
Ward-54,288,0.8576388888888888,8.189671361502349,84,1.2222222222222223,2.375,58,0.5163793103448275,56.77758620689655,16,0.5666666666037038,0.5146963793441856,0.9999999947755703,0.7674418602866414,0.20485190086837088,0.23180996203497248,0.504172642385178,0.5786,high
Ward-55,283,0.8763250883392226,7.547555555555555,89,1.3639575971731448,2.463235294117647,57,0.5515789473684211,51.142105263157895,8,0.511111111054321,0.6837222177101544,0.6645311060041251,0.8837209300270417,0.8874650569457956,0.5958020086013107,0.35553322283126904,0.6629,high
Ward-56,298,0.8825503355704698,7.8467248908296945,81,1.3624161073825503,2.2058823529411766,49,0.5171428571428571,56.17755102040816,9,0.6777777777024692,0.740032631986407,0.8208300220710246,0.6976744184424013,0.8800410725566956,0.23970563895566568,0.48834633000439537,0.6816,high
Ward-57,277,0.8592057761732852,7.058373205741627,73,1.3537906137184115,2.352,66,0.5131818181818182,53.301515151515154,13,0.44444444439506176,0.5288696432855238,0.40896122627392434,0.5116279068577609,0.8384997463010424,0.19874536777471088,0.41248904179131973,0.4793,medium
Ward-58,288,0.8819444444444444,7.13542600896861,78,1.3194444444444444,2.5114503816793894,55,0.5285454545454545,59.54,12,0.5666666666037038,0.7345520496022181,0.4492169216420938,0.6279069765981612,0.6730848171389312,0.3576175015683821,0.5770330755715972,0.5821,high
Ward-59,262,0.8702290076335878,7.2155,62,1.2938931297709924,2.3947368421052633,61,0.5463934426229508,55.99508196721311,9,0.2777777777469136,0.6285801780056531,0.4910510153398604,0.25581395342888047,0.550026875131074,0.542179794158643,0.48353359185050315,0.4406,medium
Ward-6,288,0.8298611111111112,6.987383177570093,81,1.2604166666666667,2.595419847328244,72,0.5305555555555556,55.49583333333333,18,0.5666666666037038,0.2634327561921495,0.3718729851124362,0.6976744184424013,0.38880054654609114,0.3784035335374424,0.47036558935101425,0.455,medium
Ward-60,315,0.8634920634920635,7.019915254237288,86,1.3396825396825396,2.340909090909091,57,0.5347368421052632,60.93508771929825,13,0.8666666665703704,0.5676412142226513,0.38886913986816524,0.8139534881828014,0.770553709913619,0.42164133873095183,0.6138294077557515,0.6605,high
Ward-61,264,0.8446969696969697,7.3218749999999995,71,1.303030303030303,2.4214876033057853,49,0.5006122448979592,55.59591836734693,9,0.2999999999666667,0.39763037310289634,0.5466258862783581,0.46511627896160085,0.5940325065997455,0.06876605290306227,0.47300539623002497,0.3962,medium
Ward-62,262,0.8129770992366412,7.816161616161616,77,1.202290076335878,2.4615384615384617,49,0.5177551020408163,57.65918367346939,16,0.2777777777469136,0.1107085883029813,0.8048624540791439,0.6046511626500811,0.10885649382489691,0.24603673473539184,0.5274253402506862,0.3649,medium
Ward-63,299,0.882943143812709,7.734497816593887,79,1.3645484949832776,2.2551724137931033,71,0.5292957746478874,63.74366197183099,15,0.6888888888123458,0.7435857751837711,0.76219777608785,0.6511627905462412,0.8903108857957466,0.36537640401051025,0.6879073526265167,0.6929,high
Ward-64,260,0.8538461538461538,7.180188679245283,54,1.2384615384615385,2.4390243902439024,57,0.5336842105263159,51.847368421052636,12,0.2555555555271605,0.48038923079842677,0.4726028640485678,0.06976744184424012,0.2830622341355412,0.41075629686405507,0.3741349903589728,0.3294,medium
Ward-65,295,0.8677966101694915,7.523287671232876,77,1.2271186440677966,2.347826086956522,68,0.5427941176470588,48.608823529411765,14,0.6444444443728395,0.6065779500137654,0.6518525204418851,0.6046511626500811,0.2284336070631104,0.5049599312562468,0.2887162944750639,0.5587,high
Ward-66,289,0.8685121107266436,7.33421052631579,75,1.3356401384083045,2.5064935064935066,63,0.5193650793650794,67.56825396825397,17,0.5777777777135803,0.6130500034586294,0.5530704952838432,0.558139534753921,0.7510850607292325,0.26268517178578266,0.7887834162764981,0.5746,high
Ward-67,260,0.8730769230769231,7.475661375661376,70,1.323076923076923,2.3304347826086955,62,0.5341935483870968,61.303225806451614,15,0.2555555555271605,0.6543409699036835,0.6269704971312873,0.44186046501352083,0.6905792337907982,0.41602325260610123,0.6235392856058326,0.4969,medium
Ward-68,288,0.8611111111111112,7.45625,73,1.3506944444444444,2.4029850746268657,70,0.5275714285714286,63.69714285714286,18,0.5666666666037038,0.5461043322381911,0.6168291603781056,0.5116279068577609,0.8235882545116116,0.3475453037369999,0.6866803811799912,0.5716,high
Ward-69,306,0.8398692810457516,6.643153526970955,80,1.303921568627451,2.627450980392157,54,0.5055555555555555,56.327777777777776,10,0.7666666665814815,0.35396156159251546,0.19203262407599644,0.6744186044943212,0.5983249397511948,0.11988378919862797,0.49230865695391596,0.4889,medium
Ward-7,253,0.857707509881423,7.5885869565217385,63,1.3122529644268774,2.2184873949579833,49,0.5312244897959184,64.68775510204081,14,0.1777777777580247,0.5153170898756885,0.6859676729899901,0.2790697673769605,0.6384498583408265,0.3853208418893657,0.7128084136504449,0.4303,medium
Ward-70,274,0.864963503649635,7.608823529411765,75,1.3284671532846715,2.5343511450381677,63,0.5428571428571429,46.58253968253968,14,0.41111111106543213,0.5809511120913928,0.6965401282341803,0.558139534753921,0.7165391753746765,0.5056116617041612,0.23527176012965675,0.5411,high
Ward-71,302,0.8410596026490066,6.7352678571428575,66,1.2682119205298013,2.4318181818181817,66,0.5359090909090909,56.88333333333333,15,0.7222222221419754,0.36472860426751463,0.24015710831467713,0.34883720922120065,0.4263433465971122,0.4337633171736327,0.5069617905785582,0.4532,medium
Ward-72,288,0.8055555555555556,6.827649769585253,68,1.2118055555555556,2.56390977443609,71,0.5257746478873239,47.64366197183098,11,0.5666666666037038,0.043577085934117014,0.2884213890294856,0.39534883711736074,0.1546840884108104,0.32896517241349305,0.2632595401843857,0.3145,medium
Ward-73,271,0.8487084870848709,6.52488038277512,72,1.2103321033210332,2.6218487394957983,61,0.5406557377049179,49.709836065573775,11,0.3777777777358025,0.4339165152588683,0.1302416513458073,0.4883720929096809,0.14758778037560827,0.48284739381858693,0.3177562053416826,0.353,medium
Ward-74,260,0.8576923076923076,8.059090909090909,73,1.3307692307692307,2.528,52,0.5069230769230769,60.29230769230769,11,0.2555555555271605,0.5151795786194779,0.931779155387966,0.5116279068577609,0.7276262337594579,0.13402504017100772,0.5968756728276126,0.4994,medium
Ward-75,260,0.8461538461538461,6.487373737373737,60,1.2884615384615385,2.5130434782608697,72,0.5502777777777778,50.61666666666667,14,0.2555555555271605,0.4108085351563245,0.11064656812589817,0.20930232553272038,0.52386773393183,0.5823468874047288,0.34167444329259433,0.3217,medium
Ward-76,261,0.8314176245210728,6.448529411764706,74,1.1992337164750957,2.618320610687023,66,0.49893939393939396,58.64090909090909,14,0.26666666663703703,0.27751218335153066,0.09035262328533505,0.534883720805841,0.0941367285482373,0.051467452818053316,0.553318976954699,0.2582,medium
Ward-77,284,0.8028169014084507,6.803414634146342,83,1.2147887323943662,2.6030534351145036,63,0.5274603174603174,55.5031746031746,20,0.5222222221641976,0.018804616045888168,0.27575991289134666,0.7441860463385613,0.1690513962038207,0.3463963270954934,0.4705592200453399,0.3624,medium
Ward-78,268,0.8395522388059702,7.036633663366337,51,1.2201492537313432,2.6083333333333334,56,0.5366071428571428,53.324999999999996,5,0.3444444444061729,0.3510937590455653,0.3976035551879668,0.0,0.19486825659820878,0.4409817256194567,0.41310846971272486,0.3002,medium
Ward-79,290,0.8517241379310345,6.857510729613733,77,1.289655172413793,2.601503759398496,71,0.5308450704225351,55.138028169014085,14,0.5888888888234568,0.4611945561385371,0.30402203767514874,0.6046511626500811,0.529616406340759,0.38139734591319635,0.4609282489591717,0.4899,medium
Ward-8,287,0.8432055749128919,6.940191387559809,72,1.3101045296167246,2.366906474820144,72,0.5609722222222222,53.85138888888889,14,0.5555555554938272,0.38413997585098875,0.3472179661777406,0.4883720929096809,0.6281027599760546,0.6929358891496661,0.42699231382207353,0.4945,medium
Ward-80,304,0.8651315789473685,6.928384279475982,71,1.305921052631579,2.5144927536231885,62,0.5582258064516129,49.53064516129032,9,0.7444444443617284,0.5824714355891438,0.3410494255627883,0.46511627896160085,0.6079546746501693,0.664535781035026,0.31302993046506794,0.5664,high
Ward-81,262,0.8396946564885496,7.094329896907216,64,1.3206106870229009,2.4954954954954953,59,0.5361016949152542,57.96440677966102,14,0.2777777777469136,0.35238199683089455,0.4277465467994524,0.30232558132504056,0.6787015696787094,0.43575499471091117,0.5354757951793239,0.3877,medium
Ward-82,284,0.8556338028169014,6.787214611872146,87,1.2711267605633803,2.425373134328358,74,0.5354054054054054,47.39594594594595,16,0.5222222221641976,0.49655939246173236,0.26729632513962687,0.8372093021308815,0.44038153681935666,0.42855481126803485,0.25672587133352,0.4953,medium
Ward-83,290,0.8413793103448276,7.560849056603774,80,1.2586206896551724,2.595419847328244,45,0.5115555555555555,47.16444444444445,8,0.5888888888234568,0.36762051717157146,0.6714762021740481,0.6744186044943212,0.3801509237085802,0.18192852783994343,0.25061987094906785,0.4914,medium
Ward-84,293,0.856655290102389,6.804545454545455,70,1.2764505119453924,2.2928571428571427,55,0.51,52.74545454545454,9,0.6222222221530864,0.5057992459305258,0.2763507020592463,0.44186046501352083,0.4660213090660889,0.16584285485886188,0.3978225871361095,0.4475,medium
Ward-85,262,0.816793893129771,6.711004784688995,73,1.2938931297709924,2.425373134328358,63,0.5292063492063492,62.87460317460317,19,0.2777777777469136,0.14523336094982664,0.22748103667947295,0.5116279068577609,0.550026875131074,0.3644516743191574,0.6649853701963067,0.3341,medium
Ward-86,277,0.8664259927797834,6.915207373271889,60,1.2815884476534296,2.4160583941605838,65,0.5095384615384615,62.973846153846154,8,0.44444444439506176,0.5941800435272084,0.3341652435495221,0.20930232553272038,0.49076617258799093,0.16107018265568326,0.6676029673413856,0.41,medium
Ward-87,290,0.8310344827586207,6.59009009009009,83,1.196551724137931,2.4661654135338344,58,0.5112068965517241,50.72931034482759,14,0.5888888888234568,0.27404647820460576,0.16431000451118163,0.7441860463385613,0.08121995844422258,0.17832311837866657,0.344645492455108,0.3815,medium
Ward-88,276,0.8623188405797102,7.426666666666666,78,1.2934782608695652,2.514705882352941,71,0.5432394366197183,55.04788732394366,17,0.4333333332851852,0.5570288375926274,0.6013735558476183,0.6279069765981612,0.5480288208679118,0.5095648811346934,0.45855072643303263,0.5328,high
Ward-89,287,0.8466898954703833,7.261244019138756,65,1.3066202090592334,2.518796992481203,68,0.5413235294117648,58.807352941176475,24,0.5555555554938272,0.4156573641209314,0.5149496565604907,0.3255813952731206,0.6113218889101113,0.4897528874716119,0.5577090401168412,0.4861,medium
Ward-9,276,0.8478260869565217,7.3173076923076925,74,1.2572463768115942,2.449612403100775,58,0.5129310344827587,61.04482758620689,12,0.4333333332851852,0.4259347733393903,0.5442397284824815,0.534883720805841,0.37353208188509435,0.19615206626410264,0.6167238670365245,0.4432,medium
Ward-90,274,0.8941605839416058,7.269266055045872,71,1.3102189781021898,2.4074074074074074,70,0.5452857142857143,53.85,10,0.41111111106543213,0.845053022557767,0.519140712825609,0.46511627896160085,0.6286539564709219,0.5307250082970736,0.4269556809880119,0.5567,high
Ward-91,275,0.8581818181818182,7.302870813397129,73,1.2872727272727273,2.375,53,0.540566037735849,46.58867924528302,7,0.4222222221753087,0.5196074410694301,0.5366972825862718,0.5116279068577609,0.5181422884821278,0.48191982529575095,0.23543369502955172,0.4785,medium
Ward-92,266,0.8872180451127819,7.132820512820513,70,1.2932330827067668,2.4705882352941178,48,0.5185416666666667,52.68333333333334,9,0.32222222218641977,0.7822543539976233,0.4478556984960423,0.44186046501352083,0.5468480158672759,0.2541704341746234,0.39618410037626334,0.4704,medium
Ward-93,304,0.8552631578947368,6.947967479674797,87,1.263157894736842,2.329113924050633,57,0.5126315789473684,62.39298245614035,13,0.7444444443617284,0.4932067273640775,0.3512805308376357,0.8372093021308815,0.4020026024559747,0.1930554595261056,0.6522823152570493,0.5551,high
Ward-94,294,0.8503401360544217,7.411842105263158,84,1.2755102040816326,2.5343511450381677,72,0.5377777777777778,56.144444444444446,22,0.633333333262963,0.44867558040372685,0.5936285679583607,0.7674418602866414,0.46149268296418794,0.45308701523532224,0.48747312285778416,0.5681,high
Ward-95,278,0.8992805755395683,7.107373271889401,75,1.3129496402877698,2.6133333333333333,64,0.5365625,55.035937499999996,14,0.4555555555049383,0.8913658575766007,0.4345609663645507,0.558139534753921,0.6418051259183905,0.44052008321885244,0.4582355421723651,0.5722,high
Ward-96,280,0.8428571428571429,6.859808612440192,69,1.2285714285714286,2.3916083916083917,56,0.5525,37.6625,9,0.4777777777246914,0.380988237023995,0.3052225504038183,0.41860465106544076,0.23543037703297884,0.6053264202348458,0.0,0.3883,medium
Ward-97,290,0.8517241379310345,7.528440366972477,83,1.3,2.704225352112676,53,0.5545283018867925,46.505660377358495,9,0.5888888888234568,0.4611945561385371,0.6545445101078186,0.7441860463385613,0.5794382338848193,0.6263006636434669,0.2332440192124355,0.5815,high
Ward-98,301,0.8538205980066446,7.605627705627706,86,1.255813953488372,2.4031007751937983,61,0.5231147540983606,51.209836065573775,12,0.7111111110320988,0.4801580656966265,0.694870492564697,0.8139534881828014,0.36663337359972703,0.30145976992184587,0.3573196661282165,0.5848,high
Ward-99,270,0.8407407407407408,6.918686868686869,62,1.2814814814814814,2.441860465116279,53,0.5094339622641509,57.95471698113207,10,0.36666666662592595,0.3618443419266973,0.33598308146838124,0.25581395342888047,0.4902510117380455,0.159989577628549,0.5352202205365709,0.3446,medium
